hkl,h,k,l,E_B_min
[-1  1 -1],-1,1,-1,2980.542675624341
[-1  1  1],-1,1,1,2980.542675624341
[-1 -1 -1],-1,-1,-1,2980.542675624341
[-1 -1  1],-1,-1,1,2980.542675624341
[-2 -2  0],-2,-2,0,4867.205807912902
[ 0 -2  2],0,-2,2,4867.205807912902
[ 0 -2 -2],0,-2,-2,4867.205807912902
[-2  0 -2],-2,0,-2,4867.205807912902
[-2  0  2],-2,0,2,4867.205807912902
[-2  2  0],-2,2,0,4867.205807912902
[-1  1 -3],-1,1,-3,5707.3047069347
[-1  1  3],-1,1,3,5707.3047069347
[-1 -1 -3],-1,-1,-3,5707.3047069347
[-1 -3  1],-1,-3,1,5707.3047069347
[-1 -3 -1],-1,-3,-1,5707.3047069347
[-1  3  1],-1,3,1,5707.3047069347
[-3  1  1],-3,1,1,5707.3047069347
[-3  1 -1],-3,1,-1,5707.3047069347
[-3 -1  1],-3,-1,1,5707.3047069347
[-3 -1 -1],-3,-1,-1,5707.3047069347
[-1  3 -1],-1,3,-1,5707.3047069347
[-1 -1  3],-1,-1,3,5707.3047069347
[-4  0  0],-4,0,0,6883.2684644115225
[ 0  0 -4],0,0,-4,6883.2684644115225
[ 0 -4  0],0,-4,0,6883.2684644115225
[-3  1  3],-3,1,3,7500.867909407556
[-3 -3  1],-3,-3,1,7500.867909407556
[-3 -1 -3],-3,-1,-3,7500.867909407556
[-1  3  3],-1,3,3,7500.867909407556
[-1  3 -3],-1,3,-3,7500.867909407556
[-1 -3 -3],-1,-3,-3,7500.867909407556
[-3 -1  3],-3,-1,3,7500.867909407556
[-3  1 -3],-3,1,-3,7500.867909407556
[-3  3  1],-3,3,1,7500.867909407556
[-3  3 -1],-3,3,-1,7500.867909407556
[-1 -3  3],-1,-3,3,7500.867909407556
[-3 -3 -1],-3,-3,-1,7500.867909407556
[-2  2 -4],-2,2,-4,8430.24775019947
[-2 -4 -2],-2,-4,-2,8430.24775019947
[-2 -4  2],-2,-4,2,8430.24775019947
[-2 -2 -4],-2,-2,-4,8430.24775019947
[-2 -2  4],-2,-2,4,8430.24775019947
[-2  2  4],-2,2,4,8430.24775019947
[-2  4 -2],-2,4,-2,8430.24775019947
[-2  4  2],-2,4,2,8430.24775019947
[-4  2  2],-4,2,2,8430.24775019947
[-4  2 -2],-4,2,-2,8430.24775019947
[-4 -2  2],-4,-2,2,8430.24775019947
[-4 -2 -2],-4,-2,-2,8430.24775019947
[-3 -3  3],-3,-3,3,8941.628026873022
[-3 -3 -3],-3,-3,-3,8941.628026873022
[-5  1  1],-5,1,1,8941.628026873022
[-5  1 -1],-5,1,-1,8941.628026873022
[-5 -1  1],-5,-1,1,8941.628026873022
[-5 -1 -1],-5,-1,-1,8941.628026873022
[-1 -1  5],-1,-1,5,8941.628026873022
[-1  1 -5],-1,1,-5,8941.628026873022
[-1  5  1],-1,5,1,8941.628026873022
[-3  3 -3],-3,3,-3,8941.628026873022
[-1  1  5],-1,1,5,8941.628026873022
[-1 -1 -5],-1,-1,-5,8941.628026873022
[-1 -5  1],-1,-5,1,8941.628026873022
[-1  5 -1],-1,5,-1,8941.628026873022
[-1 -5 -1],-1,-5,-1,8941.628026873022
[-3  3  3],-3,3,3,8941.628026873022
[ 0 -4 -4],0,-4,-4,9734.411615825804
[-4 -4  0],-4,-4,0,9734.411615825804
[-4  0 -4],-4,0,-4,9734.411615825804
[-4  0  4],-4,0,4,9734.411615825804
[-4  4  0],-4,4,0,9734.411615825804
[ 0 -4  4],0,-4,4,9734.411615825804
[-1 -5 -3],-1,-5,-3,10180.491350988037
[-1  5  3],-1,5,3,10180.491350988037
[-1  3 -5],-1,3,-5,10180.491350988037
[-5 -1  3],-5,-1,3,10180.491350988037
[-5  1 -3],-5,1,-3,10180.491350988037
[-3  5  1],-3,5,1,10180.491350988037
[-1 -3  5],-1,-3,5,10180.491350988037
[-5  1  3],-5,1,3,10180.491350988037
[-5  3 -1],-5,3,-1,10180.491350988037
[-5  3  1],-5,3,1,10180.491350988037
[-1  3  5],-1,3,5,10180.491350988037
[-5 -1 -3],-5,-1,-3,10180.491350988037
[-1 -5  3],-1,-5,3,10180.491350988037
[-3 -1 -5],-3,-1,-5,10180.491350988037
[-3  5 -1],-3,5,-1,10180.491350988037
[-3 -1  5],-3,-1,5,10180.491350988037
[-3  1 -5],-3,1,-5,10180.491350988037
[-3  1  5],-3,1,5,10180.491350988037
[-1  5 -3],-1,5,-3,10180.491350988037
[-3 -5 -1],-3,-5,-1,10180.491350988037
[-3 -5  1],-3,-5,1,10180.491350988037
[-1 -3 -5],-1,-3,-5,10180.491350988037
[-5 -3  1],-5,-3,1,10180.491350988037
[-5 -3 -1],-5,-3,-1,10180.491350988037
[ 0 -2  6],0,-2,6,10883.403046975032
[ 0 -2 -6],0,-2,-6,10883.403046975032
[-2  0  6],-2,0,6,10883.403046975032
[-2  0 -6],-2,0,-6,10883.403046975032
[-2 -6  0],-2,-6,0,10883.403046975032
[ 0 -6  2],0,-6,2,10883.403046975032
[ 0 -6 -2],0,-6,-2,10883.403046975032
[-6  2  0],-6,2,0,10883.403046975032
[-6 -2  0],-6,-2,0,10883.403046975032
[-6  0 -2],-6,0,-2,10883.403046975032
[-2  6  0],-2,6,0,10883.403046975032
[-6  0  2],-6,0,2,10883.403046975032
[-3  5 -3],-3,5,-3,11284.152450411297
[-5 -3  3],-5,-3,3,11284.152450411297
[-3  5  3],-3,5,3,11284.152450411297
[-3  3 -5],-3,3,-5,11284.152450411297
[-3  3  5],-3,3,5,11284.152450411297
[-3 -3  5],-3,-3,5,11284.152450411297
[-3 -3 -5],-3,-3,-5,11284.152450411297
[-3 -5  3],-3,-5,3,11284.152450411297
[-3 -5 -3],-3,-5,-3,11284.152450411297
[-5  3  3],-5,3,3,11284.152450411297
[-5 -3 -3],-5,-3,-3,11284.152450411297
[-5  3 -3],-5,3,-3,11284.152450411297
[-4 -4  4],-4,-4,4,11922.170702497364
[-4  4 -4],-4,4,-4,11922.170702497364
[-4  4  4],-4,4,4,11922.170702497364
[-4 -4 -4],-4,-4,-4,11922.170702497364
[-1 -7 -1],-1,-7,-1,12289.092273260234
[-1 -7  1],-1,-7,1,12289.092273260234
[-5 -1 -5],-5,-1,-5,12289.092273260234
[-1 -5 -5],-1,-5,-5,12289.092273260234
[-1 -5  5],-1,-5,5,12289.092273260234
[-5 -1  5],-5,-1,5,12289.092273260234
[-5  5  1],-5,5,1,12289.092273260234
[-5  5 -1],-5,5,-1,12289.092273260234
[-1 -1 -7],-1,-1,-7,12289.092273260234
[-1 -1  7],-1,-1,7,12289.092273260234
[-5 -5 -1],-5,-5,-1,12289.092273260234
[-1  1  7],-1,1,7,12289.092273260234
[-5 -5  1],-5,-5,1,12289.092273260234
[-1  1 -7],-1,1,-7,12289.092273260234
[-7 -1  1],-7,-1,1,12289.092273260234
[-1  7  1],-1,7,1,12289.092273260234
[-1  7 -1],-1,7,-1,12289.092273260234
[-5  1  5],-5,1,5,12289.092273260234
[-1  5 -5],-1,5,-5,12289.092273260234
[-1  5  5],-1,5,5,12289.092273260234
[-7  1  1],-7,1,1,12289.092273260234
[-7  1 -1],-7,1,-1,12289.092273260234
[-7 -1 -1],-7,-1,-1,12289.092273260234
[-5  1 -5],-5,1,-5,12289.092273260234
[-6 -2 -4],-6,-2,-4,12877.416147506749
[-6  4 -2],-6,4,-2,12877.416147506749
[-6 -2  4],-6,-2,4,12877.416147506749
[-4 -6 -2],-4,-6,-2,12877.416147506749
[-2  6 -4],-2,6,-4,12877.416147506749
[-2  4  6],-2,4,6,12877.416147506749
[-2 -6  4],-2,-6,4,12877.416147506749
[-2 -4 -6],-2,-4,-6,12877.416147506749
[-2  4 -6],-2,4,-6,12877.416147506749
[-2 -4  6],-2,-4,6,12877.416147506749
[-6  4  2],-6,4,2,12877.416147506749
[-4 -6  2],-4,-6,2,12877.416147506749
[-2 -6 -4],-2,-6,-4,12877.416147506749
[-2  6  4],-2,6,4,12877.416147506749
[-6  2  4],-6,2,4,12877.416147506749
[-4 -2 -6],-4,-2,-6,12877.416147506749
[-6  2 -4],-6,2,-4,12877.416147506749
[-4  2 -6],-4,2,-6,12877.416147506749
[-4 -2  6],-4,-2,6,12877.416147506749
[-4  6 -2],-4,6,-2,12877.416147506749
[-4  2  6],-4,2,6,12877.416147506749
[-4  6  2],-4,6,2,12877.416147506749
[-6 -4  2],-6,-4,2,12877.416147506749
[-6 -4 -2],-6,-4,-2,12877.416147506749
[-3 -5 -5],-3,-5,-5,13217.847074213161
[-7 -1  3],-7,-1,3,13217.847074213161
[-7  3 -1],-7,3,-1,13217.847074213161
[-5 -3  5],-5,-3,5,13217.847074213161
[-7  1 -3],-7,1,-3,13217.847074213161
[-7  1  3],-7,1,3,13217.847074213161
[-3  7  1],-3,7,1,13217.847074213161
[-3  7 -1],-3,7,-1,13217.847074213161
[-3  5 -5],-3,5,-5,13217.847074213161
[-3  5  5],-3,5,5,13217.847074213161
[-3 -5  5],-3,-5,5,13217.847074213161
[-3  1  7],-3,1,7,13217.847074213161
[-3  1 -7],-3,1,-7,13217.847074213161
[-7 -3  1],-7,-3,1,13217.847074213161
[-7 -3 -1],-7,-3,-1,13217.847074213161
[-3 -1  7],-3,-1,7,13217.847074213161
[-3 -1 -7],-3,-1,-7,13217.847074213161
[-3 -7 -1],-3,-7,-1,13217.847074213161
[-7 -1 -3],-7,-1,-3,13217.847074213161
[-3 -7  1],-3,-7,1,13217.847074213161
[-7  3  1],-7,3,1,13217.847074213161
[-1 -7  3],-1,-7,3,13217.847074213161
[-1 -7 -3],-1,-7,-3,13217.847074213161
[-5  5  3],-5,5,3,13217.847074213161
[-5 -3 -5],-5,-3,-5,13217.847074213161
[-1 -3 -7],-1,-3,-7,13217.847074213161
[-1 -3  7],-1,-3,7,13217.847074213161
[-5  5 -3],-5,5,-3,13217.847074213161
[-5  3 -5],-5,3,-5,13217.847074213161
[-1  3 -7],-1,3,-7,13217.847074213161
[-5 -5 -3],-5,-5,-3,13217.847074213161
[-5  3  5],-5,3,5,13217.847074213161
[-1  7 -3],-1,7,-3,13217.847074213161
[-5 -5  3],-5,-5,3,13217.847074213161
[-1  7  3],-1,7,3,13217.847074213161
[-1  3  7],-1,3,7,13217.847074213161
[ 0  0 -8],0,0,-8,13766.536928823045
[-8  0  0],-8,0,0,13766.536928823045
[ 0 -8  0],0,-8,0,13766.536928823045
[-7  3  3],-7,3,3,14085.49515117827
[-3 -3  7],-3,-3,7,14085.49515117827
[-3 -3 -7],-3,-3,-7,14085.49515117827
[-3  3 -7],-3,3,-7,14085.49515117827
[-3 -7  3],-3,-7,3,14085.49515117827
[-7  3 -3],-7,3,-3,14085.49515117827
[-7 -3  3],-7,-3,3,14085.49515117827
[-3 -7 -3],-3,-7,-3,14085.49515117827
[-7 -3 -3],-7,-3,-3,14085.49515117827
[-3  7 -3],-3,7,-3,14085.49515117827
[-3  7  3],-3,7,3,14085.49515117827
[-3  3  7],-3,3,7,14085.49515117827
[-2  8 -2],-2,8,-2,14601.617423738704
[ 0 -6  6],0,-6,6,14601.617423738704
[-2  8  2],-2,8,2,14601.617423738704
[-6  6  0],-6,6,0,14601.617423738704
[-2 -8 -2],-2,-8,-2,14601.617423738704
[-2  2  8],-2,2,8,14601.617423738704
[-8  2 -2],-8,2,-2,14601.617423738704
[-8  2  2],-8,2,2,14601.617423738704
[-2 -8  2],-2,-8,2,14601.617423738704
[-8 -2  2],-8,-2,2,14601.617423738704
[-8 -2 -2],-8,-2,-2,14601.617423738704
[-2 -2  8],-2,-2,8,14601.617423738704
[ 0 -6 -6],0,-6,-6,14601.617423738704
[-6 -6  0],-6,-6,0,14601.617423738704
[-2 -2 -8],-2,-2,-8,14601.617423738704
[-6  0  6],-6,0,6,14601.617423738704
[-6  0 -6],-6,0,-6,14601.617423738704
[-2  2 -8],-2,2,-8,14601.617423738704
[-1  5  7],-1,5,7,14902.713378121707
[-5 -5 -5],-5,-5,-5,14902.713378121707
[-7 -1 -5],-7,-1,-5,14902.713378121707
[-7  1 -5],-7,1,-5,14902.713378121707
[-1  7 -5],-1,7,-5,14902.713378121707
[-5  5 -5],-5,5,-5,14902.713378121707
[-5 -7 -1],-5,-7,-1,14902.713378121707
[-5 -5  5],-5,-5,5,14902.713378121707
[-5  7  1],-5,7,1,14902.713378121707
[-5 -1 -7],-5,-1,-7,14902.713378121707
[-7  1  5],-7,1,5,14902.713378121707
[-5 -1  7],-5,-1,7,14902.713378121707
[-5  7 -1],-5,7,-1,14902.713378121707
[-1 -5  7],-1,-5,7,14902.713378121707
[-1 -5 -7],-1,-5,-7,14902.713378121707
[-1  7  5],-1,7,5,14902.713378121707
[-7  5 -1],-7,5,-1,14902.713378121707
[-7 -5  1],-7,-5,1,14902.713378121707
[-7 -5 -1],-7,-5,-1,14902.713378121707
[-7  5  1],-7,5,1,14902.713378121707
[-5  5  5],-5,5,5,14902.713378121707
[-1 -7  5],-1,-7,5,14902.713378121707
[-5 -7  1],-5,-7,1,14902.713378121707
[-5  1 -7],-5,1,-7,14902.713378121707
[-5  1  7],-5,1,7,14902.713378121707
[-1 -7 -5],-1,-7,-5,14902.713378121707
[-1  5 -7],-1,5,-7,14902.713378121707
[-7 -1  5],-7,-1,5,14902.713378121707
[-8  0 -4],-8,0,-4,15391.456193804755
[ 0 -4  8],0,-4,8,15391.456193804755
[-4  8  0],-4,8,0,15391.456193804755
[-8  4  0],-8,4,0,15391.456193804755
[-8 -4  0],-8,-4,0,15391.456193804755
[ 0 -4 -8],0,-4,-8,15391.456193804755
[-4 -8  0],-4,-8,0,15391.456193804755
[-4  0  8],-4,0,8,15391.456193804755
[ 0 -8 -4],0,-8,-4,15391.456193804755
[-8  0  4],-8,0,4,15391.456193804755
[-4  0 -8],-4,0,-8,15391.456193804755
[ 0 -8  4],0,-8,4,15391.456193804755
[-5  7  3],-5,7,3,15677.390038109937
[-7  5  3],-7,5,3,15677.390038109937
[-5  7 -3],-5,7,-3,15677.390038109937
[-5  3  7],-5,3,7,15677.390038109937
[-7  3  5],-7,3,5,15677.390038109937
[-7  5 -3],-7,5,-3,15677.390038109937
[-5  3 -7],-5,3,-7,15677.390038109937
[-5 -3  7],-5,-3,7,15677.390038109937
[-3 -5 -7],-3,-5,-7,15677.390038109937
[-1 -9 -1],-1,-9,-1,15677.390038109937
[-9  1  1],-9,1,1,15677.390038109937
[-9  1 -1],-9,1,-1,15677.390038109937
[-1  9  1],-1,9,1,15677.390038109937
[-5 -7  3],-5,-7,3,15677.390038109937
[-3  7  5],-3,7,5,15677.390038109937
[-3  7 -5],-3,7,-5,15677.390038109937
[-7  3 -5],-7,3,-5,15677.390038109937
[-1 -1 -9],-1,-1,-9,15677.390038109937
[-3  5  7],-3,5,7,15677.390038109937
[-3  5 -7],-3,5,-7,15677.390038109937
[-1 -1  9],-1,-1,9,15677.390038109937
[-1 -9  1],-1,-9,1,15677.390038109937
[-9 -1  1],-9,-1,1,15677.390038109937
[-3 -5  7],-3,-5,7,15677.390038109937
[-1  1 -9],-1,1,-9,15677.390038109937
[-5 -7 -3],-5,-7,-3,15677.390038109937
[-3 -7  5],-3,-7,5,15677.390038109937
[-7 -5 -3],-7,-5,-3,15677.390038109937
[-7 -5  3],-7,-5,3,15677.390038109937
[-3 -7 -5],-3,-7,-5,15677.390038109937
[-1  1  9],-1,1,9,15677.390038109937
[-7 -3 -5],-7,-3,-5,15677.390038109937
[-7 -3  5],-7,-3,5,15677.390038109937
[-5 -3 -7],-5,-3,-7,15677.390038109937
[-9 -1 -1],-9,-1,-1,15677.390038109937
[-1  9 -1],-1,9,-1,15677.390038109937
[-6  6 -4],-6,6,-4,16142.695442285712
[-6  6  4],-6,6,4,16142.695442285712
[-4  6 -6],-4,6,-6,16142.695442285712
[-6  4 -6],-6,4,-6,16142.695442285712
[-4 -6 -6],-4,-6,-6,16142.695442285712
[-4 -6  6],-4,-6,6,16142.695442285712
[-6 -6  4],-6,-6,4,16142.695442285712
[-6 -4  6],-6,-4,6,16142.695442285712
[-6 -4 -6],-6,-4,-6,16142.695442285712
[-4  6  6],-4,6,6,16142.695442285712
[-6  4  6],-6,4,6,16142.695442285712
[-6 -6 -4],-6,-6,-4,16142.695442285712
[-9 -3  1],-9,-3,1,16415.549055197935
[-3  9  1],-3,9,1,16415.549055197935
[-1 -3  9],-1,-3,9,16415.549055197935
[-1 -3 -9],-1,-3,-9,16415.549055197935
[-1 -9  3],-1,-9,3,16415.549055197935
[-1 -9 -3],-1,-9,-3,16415.549055197935
[-9  3  1],-9,3,1,16415.549055197935
[-9  3 -1],-9,3,-1,16415.549055197935
[-3  9 -1],-3,9,-1,16415.549055197935
[-1  9 -3],-1,9,-3,16415.549055197935
[-9  1  3],-9,1,3,16415.549055197935
[-9  1 -3],-9,1,-3,16415.549055197935
[-3  1  9],-3,1,9,16415.549055197935
[-1  3 -9],-1,3,-9,16415.549055197935
[-3 -1  9],-3,-1,9,16415.549055197935
[-3 -1 -9],-3,-1,-9,16415.549055197935
[-3  1 -9],-3,1,-9,16415.549055197935
[-1  3  9],-1,3,9,16415.549055197935
[-9 -3 -1],-9,-3,-1,16415.549055197935
[-9 -1  3],-9,-1,3,16415.549055197935
[-9 -1 -3],-9,-1,-3,16415.549055197935
[-3 -9  1],-3,-9,1,16415.549055197935
[-1  9  3],-1,9,3,16415.549055197935
[-3 -9 -1],-3,-9,-1,16415.549055197935
[-4  8  4],-4,8,4,16860.49550039894
[-4  8 -4],-4,8,-4,16860.49550039894
[-8  4  4],-8,4,4,16860.49550039894
[-8  4 -4],-8,4,-4,16860.49550039894
[-4 -8 -4],-4,-8,-4,16860.49550039894
[-4  4 -8],-4,4,-8,16860.49550039894
[-4 -4  8],-4,-4,8,16860.49550039894
[-4 -4 -8],-4,-4,-8,16860.49550039894
[-8 -4  4],-8,-4,4,16860.49550039894
[-8 -4 -4],-8,-4,-4,16860.49550039894
[-4 -8  4],-4,-8,4,16860.49550039894
[-4  4  8],-4,4,8,16860.49550039894
[-5 -5 -7],-5,-5,-7,17121.914120804104
[-5 -5  7],-5,-5,7,17121.914120804104
[-5 -7  5],-5,-7,5,17121.914120804104
[-1  7 -7],-1,7,-7,17121.914120804104
[-1  7  7],-1,7,7,17121.914120804104
[-5  5  7],-5,5,7,17121.914120804104
[-1 -7 -7],-1,-7,-7,17121.914120804104
[-9 -3 -3],-9,-3,-3,17121.914120804104
[-3  9  3],-3,9,3,17121.914120804104
[-5  5 -7],-5,5,-7,17121.914120804104
[-3  9 -3],-3,9,-3,17121.914120804104
[-3  3  9],-3,3,9,17121.914120804104
[-3  3 -9],-3,3,-9,17121.914120804104
[-3 -3  9],-3,-3,9,17121.914120804104
[-3 -3 -9],-3,-3,-9,17121.914120804104
[-3 -9  3],-3,-9,3,17121.914120804104
[-3 -9 -3],-3,-9,-3,17121.914120804104
[-5  7  5],-5,7,5,17121.914120804104
[-1 -7  7],-1,-7,7,17121.914120804104
[-5 -7 -5],-5,-7,-5,17121.914120804104
[-5  7 -5],-5,7,-5,17121.914120804104
[-7 -5  5],-7,-5,5,17121.914120804104
[-9  3 -3],-9,3,-3,17121.914120804104
[-7 -7 -1],-7,-7,-1,17121.914120804104
[-7 -7  1],-7,-7,1,17121.914120804104
[-7 -5 -5],-7,-5,-5,17121.914120804104
[-9 -3  3],-9,-3,3,17121.914120804104
[-9  3  3],-9,3,3,17121.914120804104
[-7 -1  7],-7,-1,7,17121.914120804104
[-7 -1 -7],-7,-1,-7,17121.914120804104
[-7  1  7],-7,1,7,17121.914120804104
[-7  5 -5],-7,5,-5,17121.914120804104
[-7  5  5],-7,5,5,17121.914120804104
[-7  7 -1],-7,7,-1,17121.914120804104
[-7  7  1],-7,7,1,17121.914120804104
[-7  1 -7],-7,1,-7,17121.914120804104
[-6  2 -8],-6,2,-8,17548.960108666095
[-8  6 -2],-8,6,-2,17548.960108666095
[-8  6  2],-8,6,2,17548.960108666095
[-6  2  8],-6,2,8,17548.960108666095
[-10  -2   0],-10,-2,0,17548.960108666095
[-6 -2 -8],-6,-2,-8,17548.960108666095
[-8  2  6],-8,2,6,17548.960108666095
[-6 -8  2],-6,-8,2,17548.960108666095
[-6 -8 -2],-6,-8,-2,17548.960108666095
[  0 -10  -2],0,-10,-2,17548.960108666095
[-6 -2  8],-6,-2,8,17548.960108666095
[-8  2 -6],-8,2,-6,17548.960108666095
[  0 -10   2],0,-10,2,17548.960108666095
[-10   0  -2],-10,0,-2,17548.960108666095
[-8 -6  2],-8,-6,2,17548.960108666095
[-2  6 -8],-2,6,-8,17548.960108666095
[-2  6  8],-2,6,8,17548.960108666095
[ -2 -10   0],-2,-10,0,17548.960108666095
[ -2   0 -10],-2,0,-10,17548.960108666095
[-10   2   0],-10,2,0,17548.960108666095
[ 0 -2 10],0,-2,10,17548.960108666095
[-2 -6  8],-2,-6,8,17548.960108666095
[-8 -2 -6],-8,-2,-6,17548.960108666095
[-2  0 10],-2,0,10,17548.960108666095
[-2  8 -6],-2,8,-6,17548.960108666095
[  0  -2 -10],0,-2,-10,17548.960108666095
[-6  8  2],-6,8,2,17548.960108666095
[-10   0   2],-10,0,2,17548.960108666095
[-2 -8 -6],-2,-8,-6,17548.960108666095
[-2 -8  6],-2,-8,6,17548.960108666095
[-6  8 -2],-6,8,-2,17548.960108666095
[-2  8  6],-2,8,6,17548.960108666095
[-8 -6 -2],-8,-6,-2,17548.960108666095
[-2 -6 -8],-2,-6,-8,17548.960108666095
[-8 -2  6],-8,-2,6,17548.960108666095
[-2 10  0],-2,10,0,17548.960108666095
[-9  1 -5],-9,1,-5,17800.270659087517
[-7  3  7],-7,3,7,17800.270659087517
[-1  9  5],-1,9,5,17800.270659087517
[-7  3 -7],-7,3,-7,17800.270659087517
[-7  7  3],-7,7,3,17800.270659087517
[-5  9  1],-5,9,1,17800.270659087517
[-1 -5 -9],-1,-5,-9,17800.270659087517
[-1 -9  5],-1,-9,5,17800.270659087517
[-7  7 -3],-7,7,-3,17800.270659087517
[-3 -7 -7],-3,-7,-7,17800.270659087517
[-1  9 -5],-1,9,-5,17800.270659087517
[-1 -9 -5],-1,-9,-5,17800.270659087517
[-7 -3 -7],-7,-3,-7,17800.270659087517
[-3 -7  7],-3,-7,7,17800.270659087517
[-7 -7  3],-7,-7,3,17800.270659087517
[-1 -5  9],-1,-5,9,17800.270659087517
[-7 -7 -3],-7,-7,-3,17800.270659087517
[-1  5  9],-1,5,9,17800.270659087517
[-1  5 -9],-1,5,-9,17800.270659087517
[-9  5 -1],-9,5,-1,17800.270659087517
[-9  5  1],-9,5,1,17800.270659087517
[-5  9 -1],-5,9,-1,17800.270659087517
[-3  7 -7],-3,7,-7,17800.270659087517
[-3  7  7],-3,7,7,17800.270659087517
[-9  1  5],-9,1,5,17800.270659087517
[-5 -9 -1],-5,-9,-1,17800.270659087517
[-7 -3  7],-7,-3,7,17800.270659087517
[-5  1  9],-5,1,9,17800.270659087517
[-5 -1 -9],-5,-1,-9,17800.270659087517
[-9 -1  5],-9,-1,5,17800.270659087517
[-9 -5 -1],-9,-5,-1,17800.270659087517
[-5 -1  9],-5,-1,9,17800.270659087517
[-9 -5  1],-9,-5,1,17800.270659087517
[-9 -1 -5],-9,-1,-5,17800.270659087517
[-5 -9  1],-5,-9,1,17800.270659087517
[-5  1 -9],-5,1,-9,17800.270659087517
[-9 -3  5],-9,-3,5,18453.707700983912
[-9  5  3],-9,5,3,18453.707700983912
[-5  3 -9],-5,3,-9,18453.707700983912
[-9  3  5],-9,3,5,18453.707700983912
[-3  9 -5],-3,9,-5,18453.707700983912
[-9  3 -5],-9,3,-5,18453.707700983912
[-9 -5 -3],-9,-5,-3,18453.707700983912
[-3 -5 -9],-3,-5,-9,18453.707700983912
[-5  3  9],-5,3,9,18453.707700983912
[-5 -3  9],-5,-3,9,18453.707700983912
[-9 -5  3],-9,-5,3,18453.707700983912
[-3  5  9],-3,5,9,18453.707700983912
[-3 -9  5],-3,-9,5,18453.707700983912
[-5  9 -3],-5,9,-3,18453.707700983912
[-9 -3 -5],-9,-3,-5,18453.707700983912
[-3 -5  9],-3,-5,9,18453.707700983912
[-5 -9  3],-5,-9,3,18453.707700983912
[-5 -9 -3],-5,-9,-3,18453.707700983912
[-9  5 -3],-9,5,-3,18453.707700983912
[-3  9  5],-3,9,5,18453.707700983912
[-5  9  3],-5,9,3,18453.707700983912
[-3 -9 -5],-3,-9,-5,18453.707700983912
[-5 -3 -9],-5,-3,-9,18453.707700983912
[-3  5 -9],-3,5,-9,18453.707700983912
[-4 -2 10],-4,-2,10,18850.607036610683
[-2 -4 10],-2,-4,10,18850.607036610683
[ -2  -4 -10],-2,-4,-10,18850.607036610683
[ -2 -10   4],-2,-10,4,18850.607036610683
[-4  2 10],-4,2,10,18850.607036610683
[-10   2  -4],-10,2,-4,18850.607036610683
[ -4   2 -10],-4,2,-10,18850.607036610683
[-10   4  -2],-10,4,-2,18850.607036610683
[ -4 -10   2],-4,-10,2,18850.607036610683
[-10   2   4],-10,2,4,18850.607036610683
[-10   4   2],-10,4,2,18850.607036610683
[-2 10  4],-2,10,4,18850.607036610683
[ -2   4 -10],-2,4,-10,18850.607036610683
[-4 10 -2],-4,10,-2,18850.607036610683
[-4 10  2],-4,10,2,18850.607036610683
[-10  -2   4],-10,-2,4,18850.607036610683
[-2  4 10],-2,4,10,18850.607036610683
[ -4  -2 -10],-4,-2,-10,18850.607036610683
[ -4 -10  -2],-4,-10,-2,18850.607036610683
[-10  -2  -4],-10,-2,-4,18850.607036610683
[-10  -4   2],-10,-4,2,18850.607036610683
[-2 10 -4],-2,10,-4,18850.607036610683
[ -2 -10  -4],-2,-10,-4,18850.607036610683
[-10  -4  -2],-10,-4,-2,18850.607036610683
[-7 -5 -7],-7,-5,-7,19084.78504699317
[-7 -5  7],-7,-5,7,19084.78504699317
[-7 -7  5],-7,-7,5,19084.78504699317
[-5 -7  7],-5,-7,7,19084.78504699317
[-7 -7 -5],-7,-7,-5,19084.78504699317
[-7  5 -7],-7,5,-7,19084.78504699317
[-5  7  7],-5,7,7,19084.78504699317
[-7  5  7],-7,5,7,19084.78504699317
[-5  7 -7],-5,7,-7,19084.78504699317
[-5 -7 -7],-5,-7,-7,19084.78504699317
[-7  7 -5],-7,7,-5,19084.78504699317
[-7  7  5],-7,7,5,19084.78504699317
[ 0 -8 -8],0,-8,-8,19468.823231651608
[-8  8  0],-8,8,0,19468.823231651608
[-8 -8  0],-8,-8,0,19468.823231651608
[ 0 -8  8],0,-8,8,19468.823231651608
[-8  0 -8],-8,0,-8,19468.823231651608
[-8  0  8],-8,0,8,19468.823231651608
[-9  7 -1],-9,7,-1,19695.652125951943
[-9 -1 -7],-9,-1,-7,19695.652125951943
[-7 -9 -1],-7,-9,-1,19695.652125951943
[-1  7 -9],-1,7,-9,19695.652125951943
[-1  9 -7],-1,9,-7,19695.652125951943
[-9 -5  5],-9,-5,5,19695.652125951943
[-7 -9  1],-7,-9,1,19695.652125951943
[-9  5 -5],-9,5,-5,19695.652125951943
[-9  7  1],-9,7,1,19695.652125951943
[-1  7  9],-1,7,9,19695.652125951943
[-7  9 -1],-7,9,-1,19695.652125951943
[-7 -1 -9],-7,-1,-9,19695.652125951943
[-5  5 -9],-5,5,-9,19695.652125951943
[-9  1 -7],-9,1,-7,19695.652125951943
[-9 -5 -5],-9,-5,-5,19695.652125951943
[-1  9  7],-1,9,7,19695.652125951943
[-9 -1  7],-9,-1,7,19695.652125951943
[-5 -9 -5],-5,-9,-5,19695.652125951943
[-1 -7  9],-1,-7,9,19695.652125951943
[-9 -7  1],-9,-7,1,19695.652125951943
[-1 -7 -9],-1,-7,-9,19695.652125951943
[-5  9  5],-5,9,5,19695.652125951943
[-7  9  1],-7,9,1,19695.652125951943
[-5  5  9],-5,5,9,19695.652125951943
[-5  9 -5],-5,9,-5,19695.652125951943
[-1 -9  7],-1,-9,7,19695.652125951943
[-1 -9 -7],-1,-9,-7,19695.652125951943
[-5 -9  5],-5,-9,5,19695.652125951943
[-5 -5 -9],-5,-5,-9,19695.652125951943
[-9  5  5],-9,5,5,19695.652125951943
[-7  1 -9],-7,1,-9,19695.652125951943
[-9  1  7],-9,1,7,19695.652125951943
[-9 -7 -1],-9,-7,-1,19695.652125951943
[-7 -1  9],-7,-1,9,19695.652125951943
[-7  1  9],-7,1,9,19695.652125951943
[-5 -5  9],-5,-5,9,19695.652125951943
[-8  6  6],-8,6,6,20068.003647644637
[  0 -10  -6],0,-10,-6,20068.003647644637
[-10   0   6],-10,0,6,20068.003647644637
[-6  8 -6],-6,8,-6,20068.003647644637
[-6 -6  8],-6,-6,8,20068.003647644637
[-8 -6 -6],-8,-6,-6,20068.003647644637
[-10   0  -6],-10,0,-6,20068.003647644637
[-10  -6   0],-10,-6,0,20068.003647644637
[  0 -10   6],0,-10,6,20068.003647644637
[-6 -8 -6],-6,-8,-6,20068.003647644637
[ 0 -6 10],0,-6,10,20068.003647644637
[-6 -8  6],-6,-8,6,20068.003647644637
[-8  6 -6],-8,6,-6,20068.003647644637
[-6  6 -8],-6,6,-8,20068.003647644637
[-8 -6  6],-8,-6,6,20068.003647644637
[-6 10  0],-6,10,0,20068.003647644637
[ -6   0 -10],-6,0,-10,20068.003647644637
[  0  -6 -10],0,-6,-10,20068.003647644637
[ -6 -10   0],-6,-10,0,20068.003647644637
[-6 -6 -8],-6,-6,-8,20068.003647644637
[-6  0 10],-6,0,10,20068.003647644637
[-6  8  6],-6,8,6,20068.003647644637
[-6  6  8],-6,6,8,20068.003647644637
[-10   6   0],-10,6,0,20068.003647644637
[-3  9 -7],-3,9,-7,20288.134587563643
[-9 -3  7],-9,-3,7,20288.134587563643
[-3  7  9],-3,7,9,20288.134587563643
[-9  7  3],-9,7,3,20288.134587563643
[-3  9  7],-3,9,7,20288.134587563643
[-9  7 -3],-9,7,-3,20288.134587563643
[-3  7 -9],-3,7,-9,20288.134587563643
[-9  3  7],-9,3,7,20288.134587563643
[-7  3 -9],-7,3,-9,20288.134587563643
[-7 -9  3],-7,-9,3,20288.134587563643
[-9  3 -7],-9,3,-7,20288.134587563643
[-9 -7 -3],-9,-7,-3,20288.134587563643
[-7 -9 -3],-7,-9,-3,20288.134587563643
[-3 -7  9],-3,-7,9,20288.134587563643
[-7  3  9],-7,3,9,20288.134587563643
[-3 -7 -9],-3,-7,-9,20288.134587563643
[-9 -7  3],-9,-7,3,20288.134587563643
[-7 -3 -9],-7,-3,-9,20288.134587563643
[-3 -9 -7],-3,-9,-7,20288.134587563643
[-9 -3 -7],-9,-3,-7,20288.134587563643
[-7  9  3],-7,9,3,20288.134587563643
[-7  9 -3],-7,9,-3,20288.134587563643
[-3 -9  7],-3,-9,7,20288.134587563643
[-7 -3  9],-7,-3,9,20288.134587563643
[-8  4 -8],-8,4,-8,20649.80539323457
[-8 -4  8],-8,-4,8,20649.80539323457
[-4  8  8],-4,8,8,20649.80539323457
[-8 -4 -8],-8,-4,-8,20649.80539323457
[-8  4  8],-8,4,8,20649.80539323457
[-4 -8 -8],-4,-8,-8,20649.80539323457
[-8 -8 -4],-8,-8,-4,20649.80539323457
[-8 -8  4],-8,-8,4,20649.80539323457
[-8  8  4],-8,8,4,20649.80539323457
[-8  8 -4],-8,8,-4,20649.80539323457
[-4 -8  8],-4,-8,8,20649.80539323457
[-4  8 -8],-4,8,-8,20649.80539323457
[-7  7  7],-7,7,7,20863.79872937038
[-7 -7  7],-7,-7,7,20863.79872937038
[-7  7 -7],-7,7,-7,20863.79872937038
[-7 -7 -7],-7,-7,-7,20863.79872937038
[ -4  -6 -10],-4,-6,-10,21215.658254106573
[-6 10  4],-6,10,4,21215.658254106573
[-4  6 10],-4,6,10,21215.658254106573
[ -4   6 -10],-4,6,-10,21215.658254106573
[ -4 -10  -6],-4,-10,-6,21215.658254106573
[-4 -6 10],-4,-6,10,21215.658254106573
[ -4 -10   6],-4,-10,6,21215.658254106573
[-10   6  -4],-10,6,-4,21215.658254106573
[ -6 -10   4],-6,-10,4,21215.658254106573
[-10   4   6],-10,4,6,21215.658254106573
[-10   4  -6],-10,4,-6,21215.658254106573
[-10   6   4],-10,6,4,21215.658254106573
[-6 10 -4],-6,10,-4,21215.658254106573
[ -6 -10  -4],-6,-10,-4,21215.658254106573
[-10  -4  -6],-10,-4,-6,21215.658254106573
[-4 10  6],-4,10,6,21215.658254106573
[-4 10 -6],-4,10,-6,21215.658254106573
[ -6   4 -10],-6,4,-10,21215.658254106573
[ -6  -4 -10],-6,-4,-10,21215.658254106573
[-10  -4   6],-10,-4,6,21215.658254106573
[-6  4 10],-6,4,10,21215.658254106573
[-10  -6  -4],-10,-6,-4,21215.658254106573
[-10  -6   4],-10,-6,4,21215.658254106573
[-6 -4 10],-6,-4,10,21215.658254106573
[-5 -7 -9],-5,-7,-9,21424.00032198138
[-9  7 -5],-9,7,-5,21424.00032198138
[-5  9  7],-5,9,7,21424.00032198138
[-9  5 -7],-9,5,-7,21424.00032198138
[-7  9 -5],-7,9,-5,21424.00032198138
[-7 -9 -5],-7,-9,-5,21424.00032198138
[-7  9  5],-7,9,5,21424.00032198138
[-5  9 -7],-5,9,-7,21424.00032198138
[-5  7 -9],-5,7,-9,21424.00032198138
[-7 -9  5],-7,-9,5,21424.00032198138
[-5 -9  7],-5,-9,7,21424.00032198138
[-5 -9 -7],-5,-9,-7,21424.00032198138
[-7  5  9],-7,5,9,21424.00032198138
[-9  5  7],-9,5,7,21424.00032198138
[-7 -5  9],-7,-5,9,21424.00032198138
[-7 -5 -9],-7,-5,-9,21424.00032198138
[-9  7  5],-9,7,5,21424.00032198138
[-5 -7  9],-5,-7,9,21424.00032198138
[-9 -5  7],-9,-5,7,21424.00032198138
[-9 -7 -5],-9,-7,-5,21424.00032198138
[-7  5 -9],-7,5,-9,21424.00032198138
[-9 -7  5],-9,-7,5,21424.00032198138
[-9 -5 -7],-9,-5,-7,21424.00032198138
[-5  7  9],-5,7,9,21424.00032198138
[-9  1 -9],-9,1,-9,21969.922215903258
[-9  9 -1],-9,9,-1,21969.922215903258
[-1  9  9],-1,9,9,21969.922215903258
[-9 -1 -9],-9,-1,-9,21969.922215903258
[-9 -9 -1],-9,-9,-1,21969.922215903258
[-9  9  1],-9,9,1,21969.922215903258
[-1  9 -9],-1,9,-9,21969.922215903258
[-9 -1  9],-9,-1,9,21969.922215903258
[-1 -9  9],-1,-9,9,21969.922215903258
[-9 -9  1],-9,-9,1,21969.922215903258
[-1 -9 -9],-1,-9,-9,21969.922215903258
[-9  1  9],-9,1,9,21969.922215903258
[ -8 -10  -2],-8,-10,-2,22304.339037689566
[-10  -8  -2],-10,-8,-2,22304.339037689566
[-10  -8   2],-10,-8,2,22304.339037689566
[-10   2   8],-10,2,8,22304.339037689566
[-10  -2   8],-10,-2,8,22304.339037689566
[-10   2  -8],-10,2,-8,22304.339037689566
[-10  -2  -8],-10,-2,-8,22304.339037689566
[ -8 -10   2],-8,-10,2,22304.339037689566
[-10   8   2],-10,8,2,22304.339037689566
[-2 10  8],-2,10,8,22304.339037689566
[-8 10  2],-8,10,2,22304.339037689566
[-8 10 -2],-8,10,-2,22304.339037689566
[-10   8  -2],-10,8,-2,22304.339037689566
[-8  2 10],-8,2,10,22304.339037689566
[ -8   2 -10],-8,2,-10,22304.339037689566
[ -2 -10  -8],-2,-10,-8,22304.339037689566
[ -2  -8 -10],-2,-8,-10,22304.339037689566
[-2 -8 10],-2,-8,10,22304.339037689566
[-8 -2 10],-8,-2,10,22304.339037689566
[ -8  -2 -10],-8,-2,-10,22304.339037689566
[ -2 -10   8],-2,-10,8,22304.339037689566
[-2 10 -8],-2,10,-8,22304.339037689566
[ -2   8 -10],-2,8,-10,22304.339037689566
[-2  8 10],-2,8,10,22304.339037689566
[-9  3 -9],-9,3,-9,22502.603728222664
[-9 -9  3],-9,-9,3,22502.603728222664
[-3  9 -9],-3,9,-9,22502.603728222664
[-9  9  3],-9,9,3,22502.603728222664
[-3 -9 -9],-3,-9,-9,22502.603728222664
[-9 -3 -9],-9,-3,-9,22502.603728222664
[-9 -3  9],-9,-3,9,22502.603728222664
[-9 -9 -3],-9,-9,-3,22502.603728222664
[-9  3  9],-9,3,9,22502.603728222664
[-3 -9  9],-3,-9,9,22502.603728222664
[-9  9 -3],-9,9,-3,22502.603728222664
[-3  9  9],-3,9,9,22502.603728222664
[-9  7 -7],-9,7,-7,23022.963904024207
[-9 -7  7],-9,-7,7,23022.963904024207
[-7 -7  9],-7,-7,9,23022.963904024207
[-7 -7 -9],-7,-7,-9,23022.963904024207
[-7 -9  7],-7,-9,7,23022.963904024207
[-7  7 -9],-7,7,-9,23022.963904024207
[-9 -7 -7],-9,-7,-7,23022.963904024207
[-7  9  7],-7,9,7,23022.963904024207
[-7  9 -7],-7,9,-7,23022.963904024207
[-7  7  9],-7,7,9,23022.963904024207
[-7 -9 -7],-7,-9,-7,23022.963904024207
[-9  7  7],-9,7,7,23022.963904024207
[-9 -5 -9],-9,-5,-9,23531.82014427662
[-5  9  9],-5,9,9,23531.82014427662
[-9 -9  5],-9,-9,5,23531.82014427662
[-5 -9 -9],-5,-9,-9,23531.82014427662
[-9  9  5],-9,9,5,23531.82014427662
[-5 -9  9],-5,-9,9,23531.82014427662
[-9 -5  9],-9,-5,9,23531.82014427662
[-9  9 -5],-9,9,-5,23531.82014427662
[-9  5  9],-9,5,9,23531.82014427662
[-9  5 -9],-9,5,-9,23531.82014427662
[-9 -9 -5],-9,-9,-5,23531.82014427662
[-5  9 -9],-5,9,-9,23531.82014427662
[-8 -8  8],-8,-8,8,23844.341404994728
[-8  8 -8],-8,8,-8,23844.341404994728
[-8 -8 -8],-8,-8,-8,23844.341404994728
[-8  8  8],-8,8,8,23844.341404994728
[  0 -10 -10],0,-10,-10,24336.029039564506
[ -6   8 -10],-6,8,-10,24336.029039564506
[  0 -10  10],0,-10,10,24336.029039564506
[ -6 -10  -8],-6,-10,-8,24336.029039564506
[ -6 -10   8],-6,-10,8,24336.029039564506
[ -6  -8 -10],-6,-8,-10,24336.029039564506
[-10  -8  -6],-10,-8,-6,24336.029039564506
[-6 -8 10],-6,-8,10,24336.029039564506
[-10  -8   6],-10,-8,6,24336.029039564506
[-8 10  6],-8,10,6,24336.029039564506
[-10   8   6],-10,8,6,24336.029039564506
[-8 -6 10],-8,-6,10,24336.029039564506
[-10   0  10],-10,0,10,24336.029039564506
[-10   6  -8],-10,6,-8,24336.029039564506
[-10   0 -10],-10,0,-10,24336.029039564506
[ -8   6 -10],-8,6,-10,24336.029039564506
[-8  6 10],-8,6,10,24336.029039564506
[-10   8  -6],-10,8,-6,24336.029039564506
[-10 -10   0],-10,-10,0,24336.029039564506
[-8 10 -6],-8,10,-6,24336.029039564506
[ -8  -6 -10],-8,-6,-10,24336.029039564506
[-6 10  8],-6,10,8,24336.029039564506
[-10   6   8],-10,6,8,24336.029039564506
[ -8 -10  -6],-8,-10,-6,24336.029039564506
[-10  10   0],-10,10,0,24336.029039564506
[-6 10 -8],-6,10,-8,24336.029039564506
[ -8 -10   6],-8,-10,6,24336.029039564506
[-10  -6  -8],-10,-6,-8,24336.029039564506
[-10  -6   8],-10,-6,8,24336.029039564506
[-6  8 10],-6,8,10,24336.029039564506
[-9 -7  9],-9,-7,9,24996.312456687006
[-9  9  7],-9,9,7,24996.312456687006
[-7  9  9],-7,9,9,24996.312456687006
[-7 -9  9],-7,-9,9,24996.312456687006
[-9 -9 -7],-9,-9,-7,24996.312456687006
[-9  7 -9],-9,7,-9,24996.312456687006
[-9  9 -7],-9,9,-7,24996.312456687006
[-9  7  9],-9,7,9,24996.312456687006
[-9 -7 -9],-9,-7,-9,24996.312456687006
[-9 -9  7],-9,-9,7,24996.312456687006
[-7  9 -9],-7,9,-9,24996.312456687006
[-7 -9 -9],-7,-9,-9,24996.312456687006
[-10   4  10],-10,4,10,25290.743250598414
[-10   4 -10],-10,4,-10,25290.743250598414
[-10 -10   4],-10,-10,4,25290.743250598414
[ -4  10 -10],-4,10,-10,25290.743250598414
[-10 -10  -4],-10,-10,-4,25290.743250598414
[ -4 -10 -10],-4,-10,-10,25290.743250598414
[ -4 -10  10],-4,-10,10,25290.743250598414
[-10  10   4],-10,10,4,25290.743250598414
[-4 10 10],-4,10,10,25290.743250598414
[-10  -4  10],-10,-4,10,25290.743250598414
[-10  -4 -10],-10,-4,-10,25290.743250598414
[-10  10  -4],-10,10,-4,25290.743250598414
[-9 -9  9],-9,-9,9,26824.884080619067
[-9  9  9],-9,9,9,26824.884080619067
[-9 -9 -9],-9,-9,-9,26824.884080619067
[-9  9 -9],-9,9,-9,26824.884080619067
[-10 -10   8],-10,-10,8,27959.9686771494
[-10  -8  10],-10,-8,10,27959.9686771494
[-10  10   8],-10,10,8,27959.9686771494
[-8 10 10],-8,10,10,27959.9686771494
[-10  10  -8],-10,10,-8,27959.9686771494
[-10   8  10],-10,8,10,27959.9686771494
[ -8  10 -10],-8,10,-10,27959.9686771494
[-10   8 -10],-10,8,-10,27959.9686771494
[ -8 -10 -10],-8,-10,-10,27959.9686771494
[ -8 -10  10],-8,-10,10,27959.9686771494
[-10  -8 -10],-10,-8,-10,27959.9686771494
[-10 -10  -8],-10,-10,-8,27959.9686771494
